date,description,amount
2025-06-02,Payroll Deposit ACME Corp,1800.00
2025-06-03,Starbucks Coffee,-5.75
2025-06-05,Shell Gas Station,-42.10
2025-06-07,Amazon Order,-63.20
2025-06-10,Whole Foods Groceries,-88.40
2025-06-12,Netflix Subscription,-15.49
2025-06-15,Chipotle,-12.30
2025-06-18,Uber Ride,-18.60
2025-06-22,Target,-54.00
2025-06-25,Electric Bill,-70.00
2025-06-28,Spotify,-9.99
2025-07-01,Payroll Deposit ACME Corp,1800.00
2025-07-03,Starbucks Coffee,-6.25
2025-07-04,McDonalds,-9.80
2025-07-06,Shell Gas Station,-45.30
2025-07-09,Whole Foods Groceries,-102.75
2025-07-12,DoorDash,-27.40
2025-07-14,Amazon Order,-39.99
2025-07-16,Movie Cinema Tickets,-32.00
2025-07-20,Chevron Gas,-40.15
2025-07-24,Internet Comcast Bill,-60.00
2025-07-28,Nike Store,-85.00
2025-08-01,Payroll Deposit ACME Corp,1850.00
2025-08-02,Starbucks Coffee,-7.10
2025-08-03,Chipotle,-13.50
2025-08-05,DoorDash,-31.20
2025-08-06,Whole Foods Groceries,-138.90
2025-08-08,Pizza Restaurant,-24.75
2025-08-10,Uber Ride,-22.40
2025-08-12,Shell Gas Station,-48.60
2025-08-14,Amazon Order,-72.30
2025-08-16,Steam Games,-29.99
2025-08-18,Electric Bill,-75.00
2025-08-20,Refund Amazon,25.00